"sample_id","spots_in","spots_out","runtime_sec","status","step"
"BC_01",3798,3798,18.82,"success","01_ingest"
"BC_02",3987,3987,19.07,"success","01_ingest"
"BC_01",3798,3798,21.86,"success","02_qc"
"BC_02",3987,3985,22.63,"success","02_qc"
"BC_01",3798,3798,53.29,"success","03_normalize"
"BC_02",3985,3985,54.23,"success","03_normalize"
"cohort",7783,7783,51.68,"success","04_integrate"
"BC_01",3798,3798,108.67,"success","05_domains"
"BC_02",3985,3985,112.8,"success","05_domains"
"BC_01",3798,3798,8.25,"success","06_svg"
"BC_02",3985,3985,6.96,"success","06_svg"
"BC_01",3798,3798,6.7,"success","07_neighborhood"
"BC_02",3985,3985,6.75,"success","07_neighborhood"
